{"cameraMode":{"drawMode":0,"name":"Shaded","section":"Shading Mode"},"sceneLighting":true,"audioPlay":false,"sceneViewState":{"showFog":true,"showMaterialUpdate":false,"showSkybox":true,"showFlares":true,"showImageEffects":true,"showParticleSystems":true},"in2DMode":false,"pivot":{"x":0.10923917591571808,"y":-2.6640625,"z":11.41015625},"rotation":{"x":0.14795497059822083,"y":-2.6741856729017856e-8,"z":-1.9198341760784388e-7,"w":0.9889958500862122},"size":16.003236770629884,"orthographic":true}