{"cameraMode":{"drawMode":0,"name":"Shaded","section":"Shading Mode"},"sceneLighting":true,"audioPlay":false,"sceneViewState":{"showFog":true,"showMaterialUpdate":false,"showSkybox":true,"showFlares":true,"showImageEffects":true,"showParticleSystems":true},"in2DMode":false,"pivot":{"x":4.563896141007717e-7,"y":0.1823732852935791,"z":-0.03238091617822647},"rotation":{"x":-0.12576895952224732,"y":-0.20845116674900056,"z":0.02704007923603058,"w":-0.9695380330085754},"size":0.6439352035522461,"orthographic":false}